,0
aminopropyl,-158710.889926245
h2,-731.989295093575
aminopropyl_sulfamate,-562271.2337980674
propane,-75443.344673065
nh3,-35472.251958984
dimethyl_aminopropyl,-158710.88993001
hso2,-344616.00998131995
diaminopropyl_ylide,-218017.86847995254
ch4,-25396.975181302998
aminopropyl_betaine_h,-336378.91004509997
aminopropyl_ylide,-183296.767964075
aminopropyl_betaine_sulfamate,-680630.812600475
aminopropyl_sulfamate_h,-562316.6664942
aminopropyl_betaine,-335964.875631855
so2,-344255.16763491
aminopropyl_sulfamate_h_2,-562298.6655228076
